col. #;Transformation;mnemonic ;Series;Release;Timing (approx.);Pub Lag*;Source for data;Block Name;Proprietary Issue?;Why Call it Proprietary or Not
1;1;IPTOT;Total;Industrial Production and Capacity Utilization;15th to 17th of month;m-1;www.federalreserve.gov/releases/G17;Ind. Production;No;
2;1;IPFPS;Final Products and non-industrial supplies;Industrial Production and Capacity Utilization;15th to 17th of month;m-1;www.federalreserve.gov/releases/G18;Ind. Production;No;
3;1;IPFP;Final Products;Industrial Production and Capacity Utilization;15th to 17th of month;m-1;www.federalreserve.gov/releases/G19;Ind. Production;No;
4;1;IPCG;Consumer goods;Industrial Production and Capacity Utilization;15th to 17th of month;m-1;www.federalreserve.gov/releases/G20;Ind. Production;No;
5;1;IPDCG;Durable consumer goods;Industrial Production and Capacity Utilization;15th to 17th of month;m-1;www.federalreserve.gov/releases/G21;Ind. Production;No;
6;1;IPNDCG;Nondurable consumer goods;Industrial Production and Capacity Utilization;15th to 17th of month;m-1;www.federalreserve.gov/releases/G22;Ind. Production;No;
7;1;IPBE;Business equipment;Industrial Production and Capacity Utilization;15th to 17th of month;m-1;www.federalreserve.gov/releases/G23;Ind. Production;No;
8;1;IPMAT;Materials;Industrial Production and Capacity Utilization;15th to 17th of month;m-1;www.federalreserve.gov/releases/G24;Ind. Production;No;
9;1;IPMAT_NED;Materials, nonenergy, durables;Industrial Production and Capacity Utilization;15th to 17th of month;m-1;www.federalreserve.gov/releases/G25;Ind. Production;No;
10;1;IPMAT_NEND;Materials, nonenergy, nondurables;Industrial Production and Capacity Utilization;15th to 17th of month;m-1;www.federalreserve.gov/releases/G26;Ind. Production;No;
11;1;IPMFG;Mfg. (NAICS);Industrial Production and Capacity Utilization;15th to 17th of month;m-1;www.federalreserve.gov/releases/G27;Ind. Production;No;
12;1;IPMFG_D;Mfg., durables (NAICS);Industrial Production and Capacity Utilization;15th to 17th of month;m-1;www.federalreserve.gov/releases/G28;Ind. Production;No;
13;1;IPMFG_ND;Mfg., nondurables (NAICS);Industrial Production and Capacity Utilization;15th to 17th of month;m-1;www.federalreserve.gov/releases/G29;Ind. Production;No;
14;1;IPMINE;Mining (NAICS);Industrial Production and Capacity Utilization;15th to 17th of month;m-1;www.federalreserve.gov/releases/G30;Ind. Production;No;
15;1;IPUTIL;Utilities (NAICS);Industrial Production and Capacity Utilization;15th to 17th of month;m-1;www.federalreserve.gov/releases/G31;Ind. Production;No;
16;1;IPENTOT;Energy, total (NAICS);Industrial Production and Capacity Utilization;15th to 17th of month;m-1;www.federalreserve.gov/releases/G32;Ind. Production;No;
17;1;IPNETOT;Non-energy, total (NAICS);Industrial Production and Capacity Utilization;15th to 17th of month;m-1;www.federalreserve.gov/releases/G33;Ind. Production;No;
18;1;IPMVP;Motor vehicles and parts (MVP) (NAICS);Industrial Production and Capacity Utilization;15th to 17th of month;m-1;www.federalreserve.gov/releases/G34;Ind. Production;No;
19;1;IPCCS;Computers, comm. Equip., semiconductors (CCS) (NAICS);Industrial Production and Capacity Utilization;15th to 17th of month;m-1;www.federalreserve.gov/releases/G35;Ind. Production;No;
20;1;IPNE_XCCS;Non-energy excl CCS (NAICS);Industrial Production and Capacity Utilization;15th to 17th of month;m-1;www.federalreserve.gov/releases/G36;Ind. Production;No;
21;1;IPNE_XCCSMVP;Non-energy excl CCS and MVP (NAICS);Industrial Production and Capacity Utilization;15th to 17th of month;m-1;www.federalreserve.gov/releases/G37;Ind. Production;No;
22;2;CUTOT;Capacity Utilization:  Total (NAICS);Industrial Production and Capacity Utilization;15th to 17th of month;m-1;www.federalreserve.gov/releases/G38;Ind. Production;No;
23;2;CUMFG;Capacity Utilization:  Mfg. (NAICS);Industrial Production and Capacity Utilization;15th to 17th of month;m-1;www.federalreserve.gov/releases/G39;Ind. Production;No;
24;2;CUMFGD;Capacity Utilization:  Mfg., durables (NAICS);Industrial Production and Capacity Utilization;15th to 17th of month;m-1;www.federalreserve.gov/releases/G40;Ind. Production;No;
25;2;CUMFGND;Capacity Utilization:  Mfg., nondurables (NAICS);Industrial Production and Capacity Utilization;15th to 17th of month;m-1;www.federalreserve.gov/releases/G41;Ind. Production;No;
26;2;CUMINE;Capacity Utilization:  Mining;Industrial Production and Capacity Utilization;15th to 17th of month;m-1;www.federalreserve.gov/releases/G42;Ind. Production;No;
27;2;CUUTIL;Capacity Utilization:  Utilities;Industrial Production and Capacity Utilization;15th to 17th of month;m-1;www.federalreserve.gov/releases/G43;Ind. Production;No;
28;2;CUCCS;Capacity Utilization:  Computers, comm. Equip., semiconductors;Industrial Production and Capacity Utilization;15th to 17th of month;m-1;www.federalreserve.gov/releases/G44;Ind. Production;No;
29;2;CUMFG_XCCS;Capacity Utilization: Mfg. excl CCS;Industrial Production and Capacity Utilization;15th to 17th of month;m-1;www.federalreserve.gov/releases/G45;Ind. Production;No;
30;2;PMI;Purchasing Managers Index (PMI);PMGR-Manufacturing;1st business day of month;m;www.ism.ws/ISMReport/;Surveys 2;No;Proprietary.ISM.doc
31;2;PMI_PROD;ISM mfg index:  production (Institute for Supply Management);PMGR-Manufacturing;1st business day of month;m;www.ism.ws/ISMReport/;Surveys 2;No;Proprietary.ISM.doc
32;1;DPRI;Real disposable personal income;Personal Income;Day after GDP - release;m-1;http://www.bea.gov/bea/newsrel/pinewsrelease.htm;GDP & Income;No;
33;2;URATE;Unemployment rate;Employment Situation;1st Fri. of month;m;http://www.bls.gov/news.release/pdf/empsit.pdf;Labor & Wages;No;
34;2;PRATE;Participation rate;Employment Situation;1st Fri. of month;m;http://www.bls.gov/news.release/pdf/empsit.pdf;Labor & Wages;No;
35;1;MEANUN;Mean duration of unemployment;Employment Situation;1st Fri. of month;m;http://www.bls.gov/news.release/pdf/empsit.pdf;Labor & Wages;No;
36;1;UNLT5WKS;Persons unemployed less than 5 weeks;Employment Situation;1st Fri. of month;m;http://www.bls.gov/news.release/pdf/empsit.pdf;Labor & Wages;No;
37;1;UN5TO14WKS;Persons unemployed 5 to 14 weeks;Employment Situation;1st Fri. of month;m;http://www.bls.gov/news.release/pdf/empsit.pdf;Labor & Wages;No;
38;1;UN15TO26WKS;Persons unemployed 15 to 26 weeks;Employment Situation;1st Fri. of month;m;http://www.bls.gov/news.release/pdf/empsit.pdf;Labor & Wages;No;
39;1;UN15PWKS;Persons unemployed 15+ weeks;Employment Situation;1st Fri. of month;m;http://www.bls.gov/news.release/pdf/empsit.pdf;Labor & Wages;No;
40;1;AVGWKLYCL;Avg. weekly initial claims;Claims;Last Thurs. of month;m;http://ows.doleta.gov/unemploy/claims.asp;Initial Claims;No;
41;1;PYRL_TOT;Employment on nonag payrolls: Total;Employment Situation;1st Fri. of month;m;http://www.bls.gov/news.release/pdf/empsit.pdf;Labor & Wages;No;
42;1;PYRL_TOTPR;Employment on nonag payrolls: Total private;Employment Situation;1st Fri. of month;m;http://www.bls.gov/news.release/pdf/empsit.pdf;Labor & Wages;No;
43;1;PYRL_GP;Employment on nonag payrolls:  Goods-producing;Employment Situation;1st Fri. of month;m;http://www.bls.gov/news.release/pdf/empsit.pdf;Labor & Wages;No;
44;1;PYRL_MINE;Employment on nonag payrolls:  Mining;Employment Situation;1st Fri. of month;m;http://www.bls.gov/news.release/pdf/empsit.pdf;Labor & Wages;No;
45;1;PYRL_CONS;Employment on nonag payrolls: Construction;Employment Situation;1st Fri. of month;m;http://www.bls.gov/news.release/pdf/empsit.pdf;Labor & Wages;No;
46;1;PYRL_MFG;Employment on nonag payrolls:  Manufacturing;Employment Situation;1st Fri. of month;m;http://www.bls.gov/news.release/pdf/empsit.pdf;Labor & Wages;No;
47;1;PYRL_MFGD;Employment on nonag payrolls:  Manufacturing, durables;Employment Situation;1st Fri. of month;m;http://www.bls.gov/news.release/pdf/empsit.pdf;Labor & Wages;No;
48;1;PYRL_MFGN;Employment on nonag payrolls:  Manufacturing, nondurables;Employment Situation;1st Fri. of month;m;http://www.bls.gov/news.release/pdf/empsit.pdf;Labor & Wages;No;
49;1;PYRL_SP;Employment on nonag payrolls:  Service-producing;Employment Situation;1st Fri. of month;m;http://www.bls.gov/news.release/pdf/empsit.pdf;Labor & Wages;No;
50;1;PYRL_TPWH;Employment on nonag payrolls:  Transportation and warehousing;Employment Situation;1st Fri. of month;m;http://www.bls.gov/news.release/pdf/empsit.pdf;Labor & Wages;No;
51;1;PYRL_UTIL;Employment on nonag payrolls:  Utilities;Employment Situation;1st Fri. of month;m;http://www.bls.gov/news.release/pdf/empsit.pdf;Labor & Wages;No;
52;1;PYRL_RET;Employment on nonag payrolls:  Retail trade;Employment Situation;1st Fri. of month;m;http://www.bls.gov/news.release/pdf/empsit.pdf;Labor & Wages;No;
53;1;PYRL_WHOLES;Employment on nonag payrolls:  Wholesale trade;Employment Situation;1st Fri. of month;m;http://www.bls.gov/news.release/pdf/empsit.pdf;Labor & Wages;No;
54;1;PYRL_FINANC;Employment on nonag payrolls:  Financial activities;Employment Situation;1st Fri. of month;m;http://www.bls.gov/news.release/pdf/empsit.pdf;Labor & Wages;No;
55;1;PYRL_PBS;Employment on nonag payrolls:  Professional and business services;Employment Situation;1st Fri. of month;m;http://www.bls.gov/news.release/pdf/empsit.pdf;Labor & Wages;No;
56;1;PYRL_EHS;Employment on nonag payrolls:  Education and health services;Employment Situation;1st Fri. of month;m;http://www.bls.gov/news.release/pdf/empsit.pdf;Labor & Wages;No;
57;1;PYRL_LHOSP;Employment on nonag payrolls:  Leisure and hospitality;Employment Situation;1st Fri. of month;m;http://www.bls.gov/news.release/pdf/empsit.pdf;Labor & Wages;No;
58;1;PYRL_OTHSER;Employment on nonag payrolls:  Other services;Employment Situation;1st Fri. of month;m;http://www.bls.gov/news.release/pdf/empsit.pdf;Labor & Wages;No;
59;1;PYRL_GOVT;Employment on nonag payrolls:  Government;Employment Situation;1st Fri. of month;m;http://www.bls.gov/news.release/pdf/empsit.pdf;Labor & Wages;No;
60;1;AVGHRS_TOTPR;Avg. weekly hrs. of production of nonsupervisory workers:  Total private;Employment Situation;1st Fri. of month;m;http://www.bls.gov/news.release/pdf/empsit.pdf;Labor & Wages;No;
61;1;AVGHRS_MFG;Avg. weekly hrs. of PNW: Mfg.;Employment Situation;1st Fri. of month;m;http://www.bls.gov/news.release/pdf/empsit.pdf;Labor & Wages;No;
62;1;AVGOVERHRS_MFG;Avg. Weekly overtime hrs. of PNW:  Mfg.;Employment Situation;1st Fri. of month;m;http://www.bls.gov/news.release/pdf/empsit.pdf;Labor & Wages;No;
63;2;PMI_EMPL;ISM mfg index:  employment;PMGR-Manufacturing;1st business day of month;m;www.ism.ws/ISMReport/;Surveys 2;No;Proprietary.ISM.doc
64;1;SALES_TOT;Sales:  Mfg. & Trade:  Total (mil of chained 96$);GDP - detail;Day after GDP - release;m-2;www.bea.gov/bea/dn/nipaweb/nipa_underlying/Index.asp;GDP & Income;No;
65;1;SALES_MFG;Sales:  Mfg. & Trade: Mfg., total (mil of chained 96$);GDP - detail;Day after GDP - release;m-2;www.bea.gov/bea/dn/nipaweb/nipa_underlying/Index.asp;GDP & Income;No;
66;1;SALES_MFGD;Sales:  Mfg. & Trade: Mfg., durables (mil of chained 96$);GDP - detail;Day after GDP - release;m-2;www.bea.gov/bea/dn/nipaweb/nipa_underlying/Index.asp;GDP & Income;No;
67;1;SALES_MFGND;Sales:  Mfg. & Trade:  Mfg., nondurables (mil of chained 96$);GDP - detail;Day after GDP - release;m-2;www.bea.gov/bea/dn/nipaweb/nipa_underlying/Index.asp;GDP & Income;No;
68;1;SALES_MERCH;Sales:  Mfg. & Trade:  Merchant wholesale (mil of chained 96$);GDP - detail;Day after GDP - release;m-2;www.bea.gov/bea/dn/nipaweb/nipa_underlying/Index.asp;GDP & Income;No;
69;1;SALES_MERCHD;Sales:  Mfg. & Trade:  Merchant wholesale, durables (mil of chained 96$);GDP - detail;Day after GDP - release;m-2;www.bea.gov/bea/dn/nipaweb/nipa_underlying/Index.asp;GDP & Income;No;
70;1;SALES_MERCHND;Sales:  Mfg. & Trade:  Merchant wholesale, nondurables (mil of chained 96$);GDP - detail;Day after GDP - release;m-2;www.bea.gov/bea/dn/nipaweb/nipa_underlying/Index.asp;GDP & Income;No;
71;1;SALES_RETAIL;Sales:  Mfg. & Trade:  Retail trade (mil of chained 96$);GDP - detail;Day after GDP - release;m-1;www.bea.gov/bea/dn/nipaweb/nipa_underlying/Index.asp;GDP & Income;No;
72;1;PCETOT;PCE:  Total (bil of chained 96$);Personal Income;Day after GDP - release;m-1;http://www.bea.gov/bea/newsrel/pinewsrelease.htm;GDP & Income;No;
73;1;PCED;PCE:  Durables (bil of chained 96$);Personal Income;Day after GDP - release;m-1;http://www.bea.gov/bea/newsrel/pinewsrelease.htm;GDP & Income;No;
74;1;PCEND;PCE:  Nondurables (bil of chained 96$);Personal Income;Day after GDP - release;m-1;http://www.bea.gov/bea/newsrel/pinewsrelease.htm;GDP & Income;No;
75;1;PCESER;PCE:  Services (bil of chained 96$);Personal Income;Day after GDP - release;m-1;http://www.bea.gov/bea/newsrel/pinewsrelease.htm;GDP & Income;No;
76;1;PCE_NEWAUTO;PCE:  Durables - MVP -New autos (bil of chained 96$);Personal Income;Day after GDP - release;m-1;http://www.bea.gov/bea/newsrel/pinewsrelease.htm;GDP & Income;No;
77;1;HSTARTS;Privately-owned housing, started:  Total (thous);New Residential Construction;16th to the 20th of month;m-1;www.census.gov/const/newresconst.pdf;Mixed 2;No;
78;1;HAUTH;New privately-owned housing authorized:  Total (thous);New Residential Construction;16th to the 20th of month;m-1;www.census.gov/const/newresconst.pdf;Mixed 2;No;
79;1;HSOLD;New 1-family houses sold: Total (thous);New Residential Sales;Last week of month;m-1;www.census.gov/const/newressales.pdf;Housing;No;
80;1;HMSUPPLY;New 1-family houses - months supply@ current rate;New Residential Sales;Last week of month;m-1;www.census.gov/const/newressales.pdf;Housing;No;
81;1;HFORSALE;New 1-family houses for sale at end of period (thous);New Residential Sales;Last week of month;m-1;www.census.gov/const/newressales.pdf;Housing;No;
82;1;HMOBILE;Mobile homes - mfg. shipments (thous) (SA);Manufactured Homes;3rd to last bus. day of month;m-1;www.census.gov/const/www/mhsindex.html;Housing;No;
83;1;CON_TOT;Construction put in place:  Total (mil of current $);Construction Put in Place;1st bus. day of month;m-1;www.census.gov/const/C30/release.pdf;Mixed 3;No;
84;1;CON_PR;Construction put in place:  Private (mil of current $);Construction Put in Place;1st bus. day of month;m-1;www.census.gov/const/C30/release.pdf;Mixed 3;No;
85;1;INVTOT;Inventories:  Mfg. & Trade, Total (mil of chained 96$);GDP - detail;Day after GDP - release;m-2;www.bea.gov/bea/dn/nipaweb/nipa_underlying/Index.asp;GDP & Income;No;
86;1;INVMFG;Inventories:  Mfg. & Trade, Mfg. (mil of chained 96$);GDP - detail;Day after GDP - release;m-2;www.bea.gov/bea/dn/nipaweb/nipa_underlying/Index.asp;GDP & Income;No;
87;1;INVMFGD;Inventories:  Mfg. & Trade, Mfg., durables (mil of chained 96$);GDP - detail;Day after GDP - release;m-2;www.bea.gov/bea/dn/nipaweb/nipa_underlying/Index.asp;GDP & Income;No;
88;1;INVMFGND;Inventories:  Mfg. & Trade, Mfg., nondurables (mil of chained 96$);GDP - detail;Day after GDP - release;m-2;www.bea.gov/bea/dn/nipaweb/nipa_underlying/Index.asp;GDP & Income;No;
89;1;INVMERCH;Inventories:  Mfg. & Trade, Merchant wholesales (mil of chained 96$);GDP - detail;Day after GDP - release;m-2;www.bea.gov/bea/dn/nipaweb/nipa_underlying/Index.asp;GDP & Income;No;
90;1;INVRETAIL;Inventories:  Mfg. & Trade, Retail trade (mil of chained 96$);GDP - detail;Day after GDP - release;m-2;www.bea.gov/bea/dn/nipaweb/nipa_underlying/Index.asp;GDP & Income;No;
91;2;PMI_INVEN;ISM mfg index:  inventories;PMGR-Manufacturing;1st business day of month;m;www.ism.ws/ISMReport/;Surveys 2;No;Proprietary.ISM.doc
92;2;PMI_NO;ISM mfg index:  new orders;PMGR-Manufacturing;1st business day of month;m;www.ism.ws/ISMReport/;Surveys 2;No;Proprietary.ISM.doc
93;2;PMI_DELIV;ISM mfg index:  suppliers deliveries;PMGR-Manufacturing;1st business day of month;m;www.ism.ws/ISMReport/;Surveys 2;No;Proprietary.ISM.doc
94;1;ORD_ALLMFG;New Orders:  All manufacturing industries (mil of $);Full Report Durables; 5 days after Advance Durables;m-1;www.census.gov/indicator/www/m3/prel/pdf/s-i-o.pdf;Mixed 3;No;
95;1;ORD_MFGWUNF;New Orders:  All manufacturing industries w/unfilled orders (mil of $);Full Report Durables; 5 days after Advance Durables;m-1;www.census.gov/indicator/www/m3/prel/pdf/s-i-o.pdf;Mixed 3;No;
96;1;ORD_MFGD;New Orders:  Durable goods industries (mil of $);Adv. Report Durables;23rd - 29th / 30th - 6th;m-1;www.census.gov/indicator/www/m3/adv/pdf/durgd.pdf;Mixed 3;No;
97;1;ORD_MFGND;New Orders: Nondurable goods industries (mil of $);Full Report Durables; 5 days after Advance Durables;m-1;www.census.gov/indicator/www/m3/prel/pdf/s-i-o.pdf;Mixed 3;No;
98;1;ORD_NDFCAP;New Orders:  Nondefense capital goods (mil of $);Adv. Report Durables;23rd - 29th / 30th - 6th;m-1;www.census.gov/indicator/www/m3/adv/pdf/durgd.pdf;Mixed 3;No;
99;1;UNFO_ALLMFB;Unfilled Orders:  All manufacturing industries (mil of $);Full Report Durables; 5 days after Advance Durables;m-1;www.census.gov/indicator/www/m3/prel/pdf/s-i-o.pdf;Mixed 3;No;
100;1;NOMINDEX;Nominal effective exchange rate;Foreign Exchange Rates;Last day of month;m;www.federalreserve.gov/releases/h10/update;Financial;No;
101;1;WILSH;Wilshire composite index;Wilshire;Last day of month;m;;Financial;Yes;
102;1;NYSE_COMP;NYSE composite index;NYSE;Last day of month;m;;Financial;Yes;
103;1;DJ_IND;NYSE: industrial;NYSE;Last day of month;m;;Financial;Yes;
104;1;DJ_UTI;NYSE: utilities;NYSE;Last day of month;m;;Financial;Yes;
105;1;SP_COMP;S & P composite;S & P;Last day of month;m;;Financial;Yes;
106;1;SP_DIVYIELD;S & P dividend yield;S & P;Last day of month;m;;Financial;Yes;
107;1;SP_PERATIO;S & P P/E ratio;S & P;Last day of month;m;;Financial;Yes;
108;1;EURO;Spot Euro/US (2);Foreign Exchange Rates;Last day of month;m;www.federalreserve.gov/releases/h10/update;Financial;No;
109;1;SWFRANC;Spot SZ/US (2);Foreign Exchange Rates;Last day of month;m;www.federalreserve.gov/releases/h10/update;Financial;No;
110;1;YEN;Spot Japan/US;Foreign Exchange Rates;Last day of month;m;www.federalreserve.gov/releases/h10/update;Financial;No;
111;1;UKPOUND;Spot UK/US;Foreign Exchange Rates;Last day of month;m;www.federalreserve.gov/releases/h10/update;Financial;No;
112;1;CANDOLLAR;Spot CA/US;Foreign Exchange Rates;Last day of month;m;www.federalreserve.gov/releases/h10/update;Financial;No;
113;1;CPOUT;Commercial paper month-end outstanding:  Total (mil of $);Commercial Paper;1st bus. day of month;m;www.federalreserve.gov/releases/cp;Mixed 3;No;
114;2;FFR;Interest rate:  federal funds rate;Selected Interest Rates;Last day of month;m;www.federalreserve.gov/releases/h15/update;Interest Rates;No;
115;2;THRMOTREAS;Interest rate:  U.S. 3-mo. Treasury (sec. Market);Selected Interest Rates;Last day of month;m;www.federalreserve.gov/releases/h15/update;Interest Rates;No;
116;2;SIXMOTREAS;Interest rate:  U.S. 6-mo. Treasury (sec. Market);Selected Interest Rates;Last day of month;m;www.federalreserve.gov/releases/h15/update;Interest Rates;No;
117;2;ONEYRTREAS;Interest rate:  1-year Treasury (constant maturity);Selected Interest Rates;Last day of month;m;www.federalreserve.gov/releases/h15/update;Interest Rates;No;
118;2;FIVEYRTREAS;Interest rate:  5-year Treasury (constant maturity);Selected Interest Rates;Last day of month;m;www.federalreserve.gov/releases/h15/update;Interest Rates;No;
119;2;SEVENYRTREAS;Interest rate:  7-year Treasury (constant maturity);Selected Interest Rates;Last day of month;m;www.federalreserve.gov/releases/h15/update;Interest Rates;No;
120;2;TENYRTREAS;Interest rate:  10-year Treasury (constant maturity);Selected Interest Rates;Last day of month;m;www.federalreserve.gov/releases/h15/update;Interest Rates;No;
121;2;AAA;Bond yield:  Moodys AAA Corporate;Selected Interest Rates;Last day of month;m;www.federalreserve.gov/releases/h15/update;Interest Rates;No;
122;2;BAA;Bond yield:  Moodys BAA Corporate;Selected Interest Rates;Last day of month;m;www.federalreserve.gov/releases/h15/update;Interest Rates;No;
123;2;MORTG;Primary market yield on 30-year fixed mortgage;Freddie Mac;Last Wed. of month;m;H15>;Interest Rates;Unknown;
124;1;M1;M1 (mil of $);Money Stock Measure;2nd Thurs. of month;m-1;www.federalreserve.gov/releases/h9;Money & Credit;No;
125;1;M2;M2 (mil of $);Money Stock Measure;2nd Thurs. of month;m-1;www.federalreserve.gov/releases/h10;Money & Credit;No;
126;1;M3;M3 (mil of $);Money Stock Measure;2nd Thurs. of month;m-1;www.federalreserve.gov/releases/h11;Money & Credit;No;
127;1;MBASE;Monetary base (mil of $);Aggregate Reserves;1st Thurs. of month;m;www.federalreserve.gov/releases/h3;Money & Credit;No;
128;1;TOTRES;Depository institutions reserves:  Total (mil of $);Aggregate Reserves;1st Thurs. of month;m;www.federalreserve.gov/releases/h4;Money & Credit;No;
129;1;NONBRES;Depository institutions:  nonborrowed (mil of $);Aggregate Reserves;1st Thurs. of month;m;www.federalreserve.gov/releases/h5;Money & Credit;No;
130;1;LSTOT;Loans and Securities @ all commercial banks:  Total (mil of $);Assets and Liabilities of Commercial Banks;1st Fri. of month;m-1;www.federalreserve.gov/releases/h8;Money & Credit;No;
131;1;LS_SEC;Loans and Securities @ all comm. banks:  Securities, total (mil of $);Assets and Liabilities of Commercial Banks;1st Fri. of month;m-1;www.federalreserve.gov/releases/h9;Money & Credit;No;
132;1;LS_SECGOVT;Loans and Securities @ all comm. banks:  Securities, U.S. govt. (mil of $);Assets and Liabilities of Commercial Banks;1st Fri. of month;m-1;www.federalreserve.gov/releases/h10;Money & Credit;No;
133;1;LS_REST;Loans and Securities @ all comm. banks:  Real estate loans (mil of $);Assets and Liabilities of Commercial Banks;1st Fri. of month;m-1;www.federalreserve.gov/releases/h11;Money & Credit;No;
134;1;LS_CI;Loans and Securities @ all comm. banks:  Comm. And Indus. Loans (mil of $);Assets and Liabilities of Commercial Banks;1st Fri. of month;m-1;www.federalreserve.gov/releases/h12;Money & Credit;No;
135;1;LS_CONS;Loans and Securities @ all comm. Banks: Consumer loans (mil of $);Assets and Liabilities of Commercial Banks;1st Fri. of month;m-1;www.federalreserve.gov/releases/h13;Money & Credit;No;
136;1;DELIN;Delinquency rate on bank-held consumer installment loans;Consumer Delinq. Bulletin;Quarterly (series is monthly);m-2q;;Money & Credit;Yes;ConsumerCreditDelinquency.Hausman,doc
137;1;CAR_LTOV;New car loans at auto finance companies (NSA): loan to value ration;Consumer Credit;5th business day of month;m-2;www.federalreserve.gov/releases/g19;Mixed 1;No;
138;1;CAR_AMT;New car loans at auto finance companies (NSA): Amount finance ($);Consumer Credit;5th business day of month;m-2;www.federalreserve.gov/releases/g19;Mixed 1;No;
139;3;PPI_FG;PPI:  finished goods (1982=100 for all PPI data);Producer Prices;Middle of month;m-1;www.bls.gov/news.release/pdf/ppi.pdf;PPI;No;
140;3;PPI_FGXFE;PPI:  finished goods less food and energy;Producer Prices;Middle of month;m-1;www.bls.gov/news.release/pdf/ppi.pdf;PPI;No;
141;3;PPI_FCG;PPI:  finished consumer goods;Producer Prices;Middle of month;m-1;www.bls.gov/news.release/pdf/ppi.pdf;PPI;No;
142;3;PPI_INTMAT;PPI:  intermediate materials;Producer Prices;Middle of month;m-1;www.bls.gov/news.release/pdf/ppi.pdf;PPI;No;
143;3;PPI-CRUDEMAT;PPI:  crude materials;Producer Prices;Middle of month;m-1;www.bls.gov/news.release/pdf/ppi.pdf;PPI;No;
144;3;PPI_FGXFE;PPI:  finished goods excl food;Producer Prices;Middle of month;m-1;www.bls.gov/news.release/pdf/ppi.pdf;PPI;No;
145;3;PPICRUDENFMATXE;PPI:  crude nonfood materials less energy;Producer Prices;Middle of month;m-1;www.bls.gov/news.release/pdf/ppi.pdf;PPI;No;
146;3;PPICRUDE_X_EN;PPI:  crude materials less energy;Producer Prices;Middle of month;m-1;www.bls.gov/news.release/pdf/ppi.pdf;PPI;No;
147;3;CPITOT;CPI:  all items (urban);Consumer Prices;Middle of month;m-1;www.bls.gov/news.release/pdf/cpi.pdf;CPI;No;
148;3;CPIFB;CPI:  food and beverages;Consumer Prices;Middle of month;m-1;www.bls.gov/news.release/pdf/cpi.pdf;CPI;No;
149;3;CPIHOUS;CPI:  housing;Consumer Prices;Middle of month;m-1;www.bls.gov/news.release/pdf/cpi.pdf;CPI;No;
150;3;CPIAPP;CPI:  apparel;Consumer Prices;Middle of month;m-1;www.bls.gov/news.release/pdf/cpi.pdf;CPI;No;
151;3;CPITRSP;CPI:  transportation;Consumer Prices;Middle of month;m-1;www.bls.gov/news.release/pdf/cpi.pdf;CPI;No;
152;3;CPIMED;CPI:  medical care;Consumer Prices;Middle of month;m-1;www.bls.gov/news.release/pdf/cpi.pdf;CPI;No;
153;3;CPICOMM;CPI:  commodities;Consumer Prices;Middle of month;m-1;www.bls.gov/news.release/pdf/cpi.pdf;CPI;No;
154;3;CPICOMMD;CPI:  commodities, durables;Consumer Prices;Middle of month;m-1;www.bls.gov/news.release/pdf/cpi.pdf;CPI;No;
155;3;CPISERV;CPI:  services;Consumer Prices;Middle of month;m-1;www.bls.gov/news.release/pdf/cpi.pdf;CPI;No;
156;3;CPIXF;CPI:  all items less food;Consumer Prices;Middle of month;m-1;www.bls.gov/news.release/pdf/cpi.pdf;CPI;No;
157;3;CPIXFE;CPI:  all items less food and energy;Consumer Prices;Middle of month;m-1;www.bls.gov/news.release/pdf/cpi.pdf;CPI;No;
158;3;CPI_X_SHELTER;CPI:  all items less shelter;Consumer Prices;Middle of month;m-1;www.bls.gov/news.release/pdf/cpi.pdf;CPI;No;
159;3;CPI_X_MEDICAL;CPI:  all items less medical care;Consumer Prices;Middle of month;m-1;www.bls.gov/news.release/pdf/cpi.pdf;CPI;No;
160;3;GOLD;Price of gold ($/oz) on the London market (recorded in the p.m.);Price of Gold;Last day of month;m;;Financial;Yes;
161;3;PCEPTOT;PCE:  chain weight price index:  Total;Personal Income;Day after GDP - release;m-1;http://www.bea.gov/bea/newsrel/pinewsrelease.htm;GDP & Income;No;
162;3;PCEPXFE;PCE prices:  total excl food and energy;Personal Income;Day after GDP - release;m-1;http://www.bea.gov/bea/newsrel/pinewsrelease.htm;GDP & Income;No;
163;3;PCEPD;PCE prices:  durables;Personal Income;Day after GDP - release;m-1;http://www.bea.gov/bea/newsrel/pinewsrelease.htm;GDP & Income;No;
164;3;PCEPND;PCE prices:  nondurables;Personal Income;Day after GDP - release;m-1;http://www.bea.gov/bea/newsrel/pinewsrelease.htm;GDP & Income;No;
165;3;PCEPSER;PCE prices:  services;Personal Income;Day after GDP - release;m-1;http://www.bea.gov/bea/newsrel/pinewsrelease.htm;GDP & Income;No;
166;3;HRLYEGS_TOTPR;Avg. hourly earnings:  Total nonagricultural ($);Employment Situation;1st Fri. of month;m;http://www.bls.gov/news.release/pdf/empsit.pdf;Labor & Wages;No;
167;3;HRLYEGS_CONS;Avg. hourly earnings:  Construction ($);Employment Situation;1st Fri. of month;m;http://www.bls.gov/news.release/pdf/empsit.pdf;Labor & Wages;No;
168;3;HRLYEGS_MFG;Avg. hourly earnings:  Mfg. ($);Employment Situation;1st Fri. of month;m;http://www.bls.gov/news.release/pdf/empsit.pdf;Labor & Wages;No;
169;3;TRSPWH;Avg. hourly earnings:  Transportation ($);Employment Situation;1st Fri. of month;m;http://www.bls.gov/news.release/pdf/empsit.pdf;Labor & Wages;No;
170;3;RET;Avg. hourly earnings:  Retail trade ($);Employment Situation;1st Fri. of month;m;http://www.bls.gov/news.release/pdf/empsit.pdf;Labor & Wages;No;
171;3;WHOLES;Avg. hourly earnings:  Wholesale trade ($);Employment Situation;1st Fri. of month;m;http://www.bls.gov/news.release/pdf/empsit.pdf;Labor & Wages;No;
172;3;FINAN;Avg. hourly earnings:  Finance, insurance, and real estate ($);Employment Situation;1st Fri. of month;m;http://www.bls.gov/news.release/pdf/empsit.pdf;Labor & Wages;No;
173;3;PBS;Avg. hourly earnings:  Professional and business services ($);Employment Situation;1st Fri. of month;m;http://www.bls.gov/news.release/pdf/empsit.pdf;Labor & Wages;No;
174;3;EHS;Avg. hourly earnings:  Education and health services ($);Employment Situation;1st Fri. of month;m;http://www.bls.gov/news.release/pdf/empsit.pdf;Labor & Wages;No;
175;3;OTHSERV;Avg. hourly earnings:  Other services;Employment Situation;1st Fri. of month;m;www.bls.gov/news.release/pdf/empsit.pdf;Labor & Wages;No;
176;1;EXPORT;Total merchandise exports, total census basis (mil of $);U.S. Intern. Trade;2nd full week of month;m-2;www.census.gov/foreign-trade/Press-Release/current_press_release/press.html;Mixed 1;No;check this link
177;1;IMP_CUST;Total merchandise imports, total census basis (mil of $);U.S. Intern. Trade;2nd full week of month;m-2;www.census.gov/foreign-trade/Press-Release/current_press_release/press.html;Mixed 1;No;check this link
178;1;IMP_CIF;Total merchandise imports (CIF value) (mil of $) (NSA);U.S. Intern. Trade;2nd full week of month;m-3;www.census.gov/foreign-trade/Press-Release/current_press_release/press.html;Mixed 1;No;check this link
179;2;CONF_CFB;Index of consumer confidence;Consumer Confidence Index;Last Tues. of month;m;;Surveys 1;Yes;ProprietarySeries.Hausman.doc
180;2;CONF_UM;Michigan Survey:  Index of consumer sentiment;Michigan Survey of Consumers;Last Fri. of the month ;m;www.sca.isr.umich.edu/main.php;Surveys 1;Unknown;Waiting for e-mail response
181;2;PHBOS_GA;Outlook: General activity;Business Outlook Survey;3rd Thursday of month;m;www.phil.frb.org/econ/bos/index.cfm;Mixed 2;No;
182;2;PHBOS_NO;Outlook: New Orders;Business Outlook Survey;3rd Thursday of month;m;www.phil.frb.org/econ/bos/index.cfm;Mixed 2;No;
183;2;PHBOS_SHP;Outlook:  Shipments;Business Outlook Survey;3rd Thursday of month;m;www.phil.frb.org/econ/bos/index.cfm;Mixed 2;No;
184;2;PHBOS_INV;Outlook:  Inventories;Business Outlook Survey;3rd Thursday of month;m;www.phil.frb.org/econ/bos/index.cfm;Mixed 2;No;
185;2;PHBOS_UNFO;Outlook:  Unfilled orders;Business Outlook Survey;3rd Thursday of month;m;www.phil.frb.org/econ/bos/index.cfm;Mixed 2;No;
186;2;PHBOS_PP;Outlook:  Prices paid;Business Outlook Survey;3rd Thursday of month;m;www.phil.frb.org/econ/bos/index.cfm;Mixed 2;No;
187;2;PHBOS_PR;Outlook:  Prices received;Business Outlook Survey;3rd Thursday of month;m;www.phil.frb.org/econ/bos/index.cfm;Mixed 2;No;
188;2;PHBOS_EMP;Outlook:  Employment;Business Outlook Survey;3rd Thursday of month;m;www.phil.frb.org/econ/bos/index.cfm;Mixed 2;No;
189;2;PHBOS_HRSW;Outlook:  Work hours;Business Outlook Survey;3rd Thursday of month;m;www.phil.frb.org/econ/bos/index.cfm;Mixed 2;No;
190;1;DEFICIT;Federal govt. deficit or surplus (bil of $) (NSA);Monthly Treasury Statement;Middle of month;m-1;http://www.fms.treas.gov/mts/;Mixed 1;No;
191;1;MFG_MIDW_IND;Chicago Fed Midwest Mfg. Survey:  General activity;Chicago Fed MM1 Survey;Last week of month;m-1;http://www.chicagofed.org/economic_research_and_data/cfmmi.cfm;Surveys 1;No;
192;1;SALES_RETAIL_NOM;Sales:  Retail & food services, total (mil of $);Adv. Monthly sales;11-15th of month;m-1;www.census.gov/svsd/www/fullpub.pdf;Mixed 1;No;
193;0;RGDPGR;Real GDP growth (annualized qurterly change);GDP - release;Last week of month;q-1;www.bea.gov/National/Index.htm;GDP & Income;No;
